{
  "type": "mysql",
  "host": "localhost",
  "port": 3307,
  "username": "root",
  "password": "rootroot",
  "database": "vnext_wallet",
  "entities": [
    "dist/**/*.entity{ .ts,.js}"
  ],
  "subscribers": [
    "dist/**/*.subscriber{ .ts,.js}"
  ],
  "synchronize": false,
  "migrations": [
    "dist/database/migrations/*.js"
  ],
  "factories": [
    "dist/database/factories/*.factory{.ts,.js}"
  ],
  "seeds": [
    "dist/database/seeders/*.seed{.ts,.js}"
  ],
  "cli": {
    "entitiesDir": "src",
    "subscribersDir": "src",
    "migrationsDir": "src/database/migrations"
  }
}